Time,Speed,RPM,nGear,Throttle,Brake,DRS,Distance,RelativeDistance,X,Y,Z
0 days 00:00:00,268.9142893714286,10732.3001472,7,99.0,False,0,0.2149341183787192,6.518425260182057e-05,-7669.0,-6498.0,502.0
0 days 00:00:00.076000,270.0,10776.0,7,99.0,False,0,5.926666666666668,0.0017974128072401,-7672.304498154592,-6450.761203907812,502.1833497572133
0 days 00:00:00.276000,271.0,10818.0,7,99.0,False,0,20.982222222222223,0.0063633939729891,-7677.158229169622,-6379.633322598468,502.8733178439401
0 days 00:00:00.340000,271.0,10856.628571428571,7,99.0,False,0,25.78923491735508,0.0078212431601878,-7678.0,-6347.0,503.0
0 days 00:00:00.556000,271.0,10987.0,7,99.0,False,0,42.06,0.0127557676050375,-7678.069365425301,-6185.272549706175,503.0123893562054
0 days 00:00:00.599000,272.343752,10997.750016,7,99.0,False,0,45.34204500317943,0.0137511314502546,-7677.0,-6151.0,503.0
0 days 00:00:00.716000,276.0,11027.0,7,99.0,False,0,54.32666666666667,0.0164759470935887,-7672.138820909826,-6060.304191198126,502.9991385520671
0 days 00:00:00.719000,276.0,11023.1842936,7,98.109356,False,0,54.55720517106237,0.0165458637741898,-7672.0,-6058.0,503.0
0 days 00:00:00.919000,276.0,10768.8092936,7,38.734356,False,0,69.92237749330442,0.0212057441202163,-7662.0,-5905.0,503.0
0 days 00:00:01.036000,276.0,10620.0,7,4.0,False,0,78.86000000000001,0.023916306070691,-7654.733632477996,-5815.186599383645,502.5766817303653
0 days 00:00:01.139000,272.65249792,10742.57007616,7,2.96999936,False,0,86.67703166845503,0.0262870202724035,-7647.0,-5737.0,503.0
0 days 00:00:01.319000,266.80249792,10956.77007616,7,1.1699993599999998,False,0,100.07356247908147,0.0303498598761619,-7630.0,-5605.0,507.0
0 days 00:00:01.436000,263.0,11096.0,7,0.0,True,0,108.08222222222224,0.0327786901783807,-7617.238902960374,-5523.07628797383,509.5793056320759
0 days 00:00:01.659000,221.187488,10577.5248512,7,0.0,True,0,121.646847600576,0.0368925087465138,-7591.0,-5379.0,515.0
0 days 00:00:01.676000,218.0,10538.0,6,0.0,True,0,122.61555555555556,0.0371862941376424,-7589.016350974378,-5368.927500293465,515.5703958531034
0 days 00:00:01.719000,213.05499264,10571.75505024,6,0.0,True,0,125.03201209132018,0.0379191462060658,-7584.0,-5344.0,517.0
0 days 00:00:01.876000,195.0,10695.0,6,0.0,True,0,133.4488888888889,0.040471778740303,-7565.337384965833,-5258.774170402856,519.4117247756662
0 days 00:00:02.039000,180.40299328669295,10580.65678074576,6,0.0,True,0,141.53568391649574,0.0429243055601254,-7546.0,-5178.0,520.0
0 days 00:00:02.077000,177.0,10554.0,6,0.0,True,0,143.33138888888888,0.043468898886684,-7541.593751937759,-5160.015607148178,520.2948109459626
0 days 00:00:02.239000,163.23001088,10501.3500416,6,0.0,True,0,150.61043201718084,0.0456764543439246,-7523.0,-5087.0,522.0
0 days 00:00:02.277000,160.0,10489.0,4,0.0,True,0,152.22027777777777,0.0461646811247646,-7518.578042439264,-5070.75806455044,522.4087702496677
0 days 00:00:02.419000,150.2375088,10149.0878064,4,0.0,True,0,157.89088060668473,0.0478844360431194,-7502.0,-5013.0,524.0
0 days 00:00:02.597000,138.0,9723.0,3,0.0,True,0,164.48694444444442,0.0498848606133157,-7482.040670944769,-4946.768753657651,526.5802787518536
0 days 00:00:02.679000,133.3875072,9354.000576,3,0.0,True,0,167.45016484808582,0.0507835327681268,-7473.0,-4918.0,528.0
0 days 00:00:02.757000,129.0,9003.0,3,0.0,True,0,170.22027777777777,0.0516236401568776,-7464.422755008014,-4891.453845302819,529.4842792535669
0 days 00:00:02.839000,127.40555804444443,8926.694563555555,3,0.0,True,0,173.0760662201456,0.0524897308297259,-7455.0,-4864.0,531.0
0 days 00:00:03.079000,122.73889137777778,8703.361230222223,3,0.0,True,0,181.15993233236696,0.0549413693812649,-7423.0,-4786.0,534.0
0 days 00:00:03.117000,122.0,8668.0,3,0.0,True,0,182.42027777777776,0.0553236012786432,-7417.601893689517,-4774.937488060448,534.2666913299461
0 days 00:00:03.240000,120.078124,8470.4311472,3,0.0,True,0,186.4711835782765,0.0565521417679694,-7399.0,-4742.0,535.0
0 days 00:00:03.437000,117.0,8154.0,3,0.0,False,0,192.82027777777776,0.0584776664971974,-7361.431351771089,-4697.396487650645,536.984345907127
0 days 00:00:03.439000,116.95816164002945,8157.715246365386,3,0.125515079911696,False,0,192.88343878885064,0.0584968216845237,-7361.0,-4697.0,537.0
0 days 00:00:03.639000,112.774057860331,8529.263662002608,3,12.677826419006998,False,0,199.10183786583525,0.0603827097848898,-7312.0,-4663.0,538.0
0 days 00:00:03.676000,112.0,8598.0,3,15.0,False,0,200.25583333333333,0.0607326883393518,-7301.265882584996,-4657.795260498943,538.2215373610873
0 days 00:00:03.779000,112.77250048,8650.01503232,3,26.07250688,False,0,203.496289275842,0.0617154392413252,-7270.0,-4645.0,539.0
0 days 00:00:04.019000,114.57250048,8771.21503232,3,51.87250688,False,0,211.1876561537973,0.0640480423906424,-7195.0,-4623.0,542.0
0 days 00:00:04.076000,115.0,8800.0,3,58.0,False,0,213.0336111111111,0.0646078753065926,-7168.628778156194,-4618.02670039025,543.1517889395254
0 days 00:00:04.279000,119.229168,9074.0500864,3,69.8416704,False,0,219.73564054900297,0.0666404366473407,-7062.0,-4602.0,548.0
0 days 00:00:04.316000,120.0,9124.0,3,72.0,False,0,221.0336111111111,0.067034079320865,-7047.126617191503,-4600.042955927363,548.7631646404204
0 days 00:00:04.636000,138.0,10491.0,3,99.0,False,0,233.30027777777775,0.0707542588094162,-6974.231809927749,-4593.488859902874,553.8694857789887
0 days 00:00:04.700000,140.0,10441.8,3,99.0,False,0,235.81080417338688,0.0715156399617867,-6959.0,-4592.0,555.0
0 days 00:00:04.796000,143.0,10368.0,3,99.0,False,0,239.65583333333333,0.0726817431096438,-6931.957109287816,-4589.096182237549,556.9309285314569
0 days 00:00:04.799000,143.187504,10379.725250133331,3,99.0,False,0,239.77963603530304,0.0727192894362058,-6931.0,-4589.0,557.0
0 days 00:00:05.036000,158.0,11306.0,3,99.0,False,0,250.18916666666664,0.0758762450617692,-6833.369522393568,-4580.942751450724,564.3224803768655
0 days 00:00:05.139000,162.5062528,11082.6186112,3,99.0,False,0,254.97726061759036,0.0773283566573248,-6786.0,-4577.0,568.0
0 days 00:00:05.320000,170.4250112,10690.0744448,3,99.0,False,0,263.7025864051833,0.0799745342137865,-6703.0,-4569.0,575.0
0 days 00:00:05.356000,172.0,10612.0,4,99.0,False,0,265.4780555555556,0.0805129905112677,-6686.181875869623,-4567.079780287068,576.7287272573919
0 days 00:00:05.556000,181.0,11352.0,4,100.0,False,0,275.5336111111111,0.0835625941680963,-6589.936350139471,-4555.24273702613,585.8017390490161
0 days 00:00:05.580000,181.45,11362.35,4,100.0,False,0,276.7486319063143,0.0839310802094396,-6578.0,-4554.0,586.0
0 days 00:00:05.600000,181.8250048,11370.9751104,4,100.0,False,0,277.76165732161314,0.0842383060005844,-6568.0,-4553.0,586.0
0 days 00:00:05.716000,184.0,11421.0,4,100.0,False,0,283.7113888888889,0.0860427138271304,-6510.959797568346,-4546.332986152411,586.791263498234
0 days 00:00:06.476000,210.0,11161.0,5,100.0,False,0,328.0447222222222,0.0994879277395571,-6106.412900956871,-4457.247457818485,625.6867286769923
0 days 00:00:06.520000,211.1000064,11203.24024576,5,99.77999872,False,0,330.6675435022089,0.100283365179335,-6073.0,-4449.0,629.0
0 days 00:00:06.676000,215.0,11353.0,5,99.0,False,0,339.9891666666667,0.1031103851219778,-5943.768811830474,-4416.989447299783,641.4000482759016
0 days 00:00:06.780000,218.25,11496.0,5,99.0,False,0,346.3227990850898,0.1050312206717909,-5863.0,-4397.0,649.0
0 days 00:00:06.836000,220.0,11573.0,5,99.0,False,0,349.76694444444445,0.1060757455838664,-5824.911534766529,-4387.606273704771,652.5683078877661
0 days 00:00:07.116000,225.0,10733.0,5,99.0,False,0,367.2669444444444,0.1113830668650874,-5678.0258194736425,-4351.351153755889,666.1088586693727
0 days 00:00:07.159000,225.92142994285717,10727.932135314286,5,99.0,False,0,369.99302862203,0.1122098214119503,-5657.0,-4346.0,668.0
0 days 00:00:07.396000,231.0,10700.0,6,99.0,False,0,385.2336111111111,0.1168319167138077,-5539.264018109298,-4315.098613946566,678.468999436643
0 days 00:00:07.499000,234.0041685333333,10768.666709333333,6,99.42916693333332,False,0,392.00855342243153,0.1188865907428315,-5482.0,-4300.0,684.0
0 days 00:00:07.636000,238.0,10860.0,6,100.0,False,0,401.10027777777776,0.1216438880087815,-5397.29610916836,-4277.916104194382,692.7783326457553
0 days 00:00:07.719000,238.5187504,10918.35942,6,100.0,False,0,406.6048873531082,0.1233133012398652,-5344.0,-4265.0,698.0
0 days 00:00:07.880000,239.5250016,11031.56268,6,100.0,False,0,417.3086489156653,0.1265594898987266,-5240.0,-4243.0,707.0
0 days 00:00:07.956000,240.0,11085.0,6,100.0,False,0,422.43361111111113,0.1281137653801748,-5189.699737832227,-4233.456925492229,711.483084757007
0 days 00:00:08.079000,243.51428754285715,11173.296474514284,6,99.56071405714286,False,0,430.84535529038817,0.1306648413170242,-5107.0,-4220.0,719.0
0 days 00:00:08.236000,248.0,11286.0,6,99.0,False,0,441.7225,0.1339636128368096,-5000.626767447452,-4208.639634596462,728.3409193679203
0 days 00:00:08.279000,248.46071497142856,11326.696489142858,6,99.15357165714286,False,0,444.7121524315228,0.1348703011781396,-4971.0,-4206.0,731.0
0 days 00:00:08.479000,250.60357211428573,11515.982203428572,6,99.86785737142856,False,0,458.6622702640182,0.1391010301637364,-4832.0,-4194.0,744.0
0 days 00:00:08.516000,251.0,11551.0,6,100.0,False,0,461.2447222222222,0.1398842245771939,-4807.397131660403,-4191.639120678772,746.3166976260609
0 days 00:00:08.717000,252.0,11550.0,6,100.0,False,0,475.3147222222223,0.1441513108872957,-4679.967379661376,-4175.981742857723,758.2910323922096
0 days 00:00:08.839000,254.541664,11377.166848,6,100.0,False,0,483.99628217288193,0.1467842153376004,-4590.0,-4152.0,767.0
0 days 00:00:08.957000,257.0,11210.0,6,100.0,False,0,492.4480555555556,0.1493474311511959,-4487.473908280179,-4113.978524838412,777.1625382449304
0 days 00:00:09.059000,257.4249994666667,10822.825485866666,6,100.0,False,0,499.7466773169113,0.1515609243282031,-4405.0,-4079.0,785.0
0 days 00:00:09.197000,258.0,10299.0,7,100.0,False,0,509.64805555555546,0.1545637697818817,-4326.353745455069,-4041.025652905312,791.1971696488438
0 days 00:00:09.339000,259.41999872,10368.2249376,7,100.0,False,0,519.9258366998364,0.1576807690156403,-4259.0,-4005.0,796.0
0 days 00:00:09.597000,262.0,10494.0,7,100.0,False,0,538.7591666666666,0.1633924566115955,-4099.964365826124,-3925.730167745753,810.3553661082098
0 days 00:00:09.679000,262.5857133714286,10491.657146514286,7,99.70714331428572,False,0,544.758142083964,0.1652117988914666,-4034.0,-3897.0,816.0
0 days 00:00:09.860000,263.87857005714284,10486.485719771428,7,99.06071497142857,False,0,558.0395500268788,0.1692397245497529,-3871.0,-3833.0,829.0
0 days 00:00:09.877000,264.0,10486.0,7,99.0,False,0,559.2925,0.1696197135815615,-3857.9428349451377,-3828.245368907081,830.0393883833718
0 days 00:00:10.179000,266.8312488,10653.0436792,7,99.0,False,0,581.6877352191703,0.1764116397802275,-3687.0,-3779.0,843.0
0 days 00:00:10.197000,267.0,10663.0,7,99.0,False,0,583.0258333333333,0.1768174521572365,-3675.523969901301,-3776.396195414888,843.6926462967567
0 days 00:00:10.357000,268.0,10573.0,7,99.0,False,0,594.9369444444444,0.1804298003562645,-3558.4203844241338,-3752.428220366494,849.8853559471609
0 days 00:00:10.360000,268.01886834982844,10573.0,7,97.90563570995003,False,0,595.161104321727,0.1804977825555271,-3556.0,-3752.0,850.0
0 days 00:00:10.516000,269.0,10573.0,7,41.0,False,0,606.8177777777778,0.1840329660470439,-3420.028496660713,-3731.500376013307,855.8216521308024
0 days 00:00:10.620000,265.65714285714284,10830.4,7,27.628571428571423,False,0,614.4520317386149,0.1863482482477638,-3332.0,-3720.0,859.0
0 days 00:00:10.779000,260.5464265142857,11223.9251584,7,7.185706057142852,False,0,625.8439843887752,0.1898031484040414,-3216.0,-3706.0,862.0
0 days 00:00:10.796000,260.0,11266.0,7,5.0,True,0,627.04,0.1901658706386771,-3204.5493414312486,-3704.746218529329,862.1480505040495
0 days 00:00:10.956000,248.0,11169.0,7,5.0,True,0,638.0622222222222,0.193508640613897,-3095.9823002716003,-3692.233920335416,862.096331943091
0 days 00:00:10.980000,246.6,11252.5,7,4.9,True,0,639.6694506470718,0.1939960736209249,-3076.0,-3689.0,862.0
0 days 00:00:11.196000,234.0,12004.0,6,4.0,True,0,653.6622222222222,0.1982397384417284,-2859.026577797429,-3643.766787946585,861.0318913596984
0 days 00:00:11.220000,233.14285714285717,11941.257142857145,6,3.657142857142857,True,0,655.189047635518,0.1987027871850823,-2839.0,-3639.0,861.0
0 days 00:00:11.476000,224.0,11272.0,5,0.0,True,0,671.0844444444446,0.2035234716283663,-2726.871274412281,-3604.017219443202,862.1274835603041
0 days 00:00:11.676000,209.0,11544.0,5,0.0,True,0,682.6955555555556,0.2070448371768589,-2665.759698457256,-3568.9801768069583,862.9968888470448
0 days 00:00:11.680000,208.8999936,11551.12045568,5,0.0,True,0,682.9249713583679,0.207114413369574,-2664.0,-3568.0,863.0
0 days 00:00:11.800000,205.8999936,11764.72045568,5,0.0,True,0,689.7853811424211,0.209195007589277,-2605.0,-3535.0,863.0
0 days 00:00:11.876000,204.0,11900.0,5,0.0,True,0,694.0288888888889,0.2104819595304116,-2570.39243558112,-3514.2493794027114,863.3246817789384
0 days 00:00:12.080000,193.7999872,11476.6994688,5,0.0,True,0,704.833218302809,0.2137586479548585,-2483.0,-3445.0,865.0
0 days 00:00:12.196000,188.0,11236.0,4,0.0,True,0,710.74,0.215550030138003,-2421.368517967864,-3376.833759425599,865.5221247181523
0 days 00:00:12.340000,182.6,10864.6,4,0.0,True,0,717.9342410063828,0.2177318671891692,-2353.0,-3292.0,866.0
0 days 00:00:12.436000,179.0,10617.0,4,0.0,False,0,722.6733333333334,0.2191691177926261,-2328.5908501505546,-3258.224052354533,866.4842898560723
0 days 00:00:12.636000,176.0,10381.0,4,0.0,False,0,732.4511111111111,0.2221344782545147,-2313.677889309034,-3219.9424330758397,867.7493575924859
0 days 00:00:12.680000,175.3714249142857,10332.44257462857,4,0.0,False,0,734.5838776966716,0.2227812941109388,-2309.0,-3206.0,868.0
0 days 00:00:12.880000,172.51428205714285,10111.728288914286,4,0.0,False,0,744.1495037256332,0.2256823141447508,-2280.0,-3115.0,869.0
0 days 00:00:12.916000,172.0,10072.0,4,0.0,False,0,745.828888888889,0.2261916305228259,-2275.974153173547,-3097.1805936787205,869.1793029396683
0 days 00:00:13.080000,166.874992,9966.4248352,4,5.125007999999999,False,0,753.2899533945813,0.228454388604633,-2265.0,-3022.0,870.0
0 days 00:00:13.236000,162.0,9866.0,4,10.0,False,0,760.228888888889,0.2305587977485164,-2262.879731099989,-2976.81971482153,870.742200557699
0 days 00:00:13.279000,161.69285668571428,9889.189320228572,4,16.142866285714284,False,0,762.1357340502461,0.2311370971716515,-2263.0,-2963.0,871.0
0 days 00:00:13.516000,160.0,10017.0,4,50.0,False,0,772.6733333333334,0.2343328928818292,-2267.806660547895,-2858.85623019402,872.9634711748367
0 days 00:00:13.520000,160.08333866666666,10021.333610666668,4,50.3500224,False,0,772.8535343590897,0.2343875434383374,-2268.0,-2857.0,873.0
0 days 00:00:13.619000,162.14583466666667,10128.583402666667,4,59.0125056,False,0,777.3442119704583,0.2357494559442756,-2274.0,-2812.0,874.0
0 days 00:00:13.756000,165.0,10277.0,4,71.0,False,0,783.6733333333334,0.2376689234014538,-2284.1680965848773,-2756.5879050526955,876.4007057288214
0 days 00:00:13.919000,168.26000128,10382.54254144,4,67.73999872,False,0,791.4077515470968,0.2400145829662406,-2310.0,-2679.0,880.0
0 days 00:00:14.139000,172.66000128,10524.99254144,4,63.33999872,False,0,802.0699582597974,0.2432481690571603,-2379.0,-2531.0,884.0
0 days 00:00:14.156000,173.0,10536.0,4,63.0,False,0,802.8955555555557,0.243498552491303,-2383.3807626244625,-2522.2710609149003,884.2277303849212
0 days 00:00:14.436000,175.0,10680.0,4,42.0,False,0,816.5066666666668,0.2476264690433638,-2427.818237600486,-2448.861864517576,886.0463011096534
0 days 00:00:14.499000,174.68499968,10631.48995072,4,31.60498944,False,0,819.5640676092219,0.2485537038483723,-2441.0,-2431.0,886.0
0 days 00:00:14.636000,174.0,10526.0,4,9.0,False,0,826.1733333333334,0.2505581322272764,-2479.919151562905,-2378.626703336181,885.3755930227595
0 days 00:00:14.719000,172.270832,10393.8915648,4,6.5791648,False,0,830.1200690189257,0.2517550804727335,-2506.0,-2345.0,885.0
0 days 00:00:14.876000,169.0,10144.0,4,2.0,False,0,837.44,0.2539750362140435,-2554.192600541282,-2287.3925439548734,884.8199718348576
0 days 00:00:14.939000,166.89999786666667,10024.562378666667,4,2.0,False,0,840.3114446271118,0.2548458750241759,-2573.0,-2265.0,885.0
0 days 00:00:15.099000,161.56666453333332,9721.229045333332,4,2.0,False,0,847.4315062417916,0.2570052152831014,-2619.0,-2208.0,886.0
0 days 00:00:15.116000,161.0,9689.0,4,2.0,True,0,848.1733333333334,0.2572301932665257,-2623.674982378357,-2202.0080666814056,886.0978307373204
0 days 00:00:15.399000,153.06542351227006,9094.788383030002,4,2.0,True,0,860.1520448513521,0.2608630430128794,-2693.0,-2103.0,887.0
0 days 00:00:15.437000,152.0,9015.0,4,2.0,True,0,861.7266666666667,0.261340587234039,-2700.553944041193,-2089.261096507382,887.0437840243485
0 days 00:00:15.659000,147.8375024,8767.3313928,4,2.6937496,True,0,870.8048688641766,0.264093783560786,-2735.0,-2008.0,890.0
0 days 00:00:15.719000,146.7125024,8700.3938928,4,2.8812496,True,0,873.2021397504705,0.2648208170917391,-2741.0,-1986.0,893.0
0 days 00:00:15.757000,146.0,8658.0,4,3.0,False,0,874.7044444444444,0.2652764293016366,-2743.39822436026,-1969.108798850925,894.4223814958177
0 days 00:00:15.999000,139.9500032,8634.664298057143,4,34.97855451428572,False,0,884.0466125319801,0.268109680016135,-2738.0,-1832.0,895.0
0 days 00:00:16.037000,139.0,8631.0,4,40.0,False,0,885.5155555555556,0.2685551744487021,-2736.068674943799,-1816.3713845417108,894.9390705541314
0 days 00:00:16.360000,141.6916672,8837.361152,4,58.8416704,False,0,898.2331705360275,0.2724121155134011,-2710.0,-1740.0,895.0
0 days 00:00:16.397000,142.0,8861.0,4,61.0,False,0,899.7155555555555,0.2728616865740357,-2704.9500128184336,-1728.7690678713034,894.7777976046103
0 days 00:00:16.580000,145.65999616,9513.39431552,4,73.80998656,False,0,907.129352894514,0.2751101096821337,-2672.0,-1659.0,892.0
0 days 00:00:16.597000,146.0,9574.0,4,75.0,False,0,907.8266666666668,0.2753215878662842,-2668.1402686320184,-1651.6162467288427,891.491139263233
0 days 00:00:16.799000,151.0499968,9932.5497728,4,79.20833066666667,False,0,916.289980273922,0.2778883035472803,-2615.0,-1560.0,883.0
0 days 00:00:16.837000,152.0,10000.0,4,80.0,False,0,917.96,0.278394779617696,-2604.991920714408,-1544.8388403251704,881.3993346729903
0 days 00:00:16.979000,159.1177914952781,10206.415953363065,4,86.7619019205142,False,0,924.4812712098162,0.280372521416123,-2569.0,-1495.0,876.0
0 days 00:00:17.200000,170.1955006855542,10527.669519881072,4,97.28572565127652,False,0,935.2518995385054,0.2836389891270358,-2508.0,-1418.0,869.0
0 days 00:00:17.236000,172.0,10580.0,4,99.0,False,0,937.0233333333332,0.2841762216000394,-2492.6732544691927,-1400.1407565021216,867.398424375484
0 days 00:00:17.440000,177.82857874285713,11041.91486537143,4,99.0,False,0,947.1465648711584,0.2872463497243497,-2390.0,-1285.0,857.0
0 days 00:00:17.516000,180.0,11214.0,4,99.0,False,0,951.0233333333332,0.2884220786250163,-2363.264793666625,-1256.4443518487749,854.4910481400418
0 days 00:00:17.916000,195.0,10894.0,4,99.0,False,0,972.69,0.2949930478303376,-2269.210781670703,-1152.1401451064378,844.7658854519211
0 days 00:00:17.940000,196.05,10902.625,4,99.0,False,0,974.0508656032362,0.2954057650290197,-2256.0,-1135.0,843.0
0 days 00:00:18.100000,203.05,10960.125,4,99.0,False,0,983.2888318419384,0.2982074138755264,-2154.0,-1000.0,829.0
0 days 00:00:18.236000,209.0,11009.0,5,99.0,False,0,991.2677777777776,0.3006272327079259,-2118.9464746025315,-951.3973129368736,824.1163664775097
0 days 00:00:18.399000,213.0750016,11324.40512384,5,99.81500032,False,0,1000.9256252497476,0.3035562212461415,-2108.0,-932.0,822.0
0 days 00:00:18.436000,214.0,11396.0,5,100.0,False,0,1003.1566666666664,0.3042328414513586,-2101.481909766848,-921.9462224789216,820.7918725810625
0 days 00:00:18.716000,219.0,11436.0,5,30.0,True,0,1020.19,0.3093986341650805,-2007.167716351272,-783.5818563306117,805.213981916061
0 days 00:00:18.780000,213.13333333333333,11154.933333333332,5,22.0,True,0,1023.8217815209304,0.3105000645282108,-1978.0,-742.0,802.0
0 days 00:00:18.900000,202.13333333333333,10627.933333333334,5,7.0,True,0,1030.3253338439856,0.3124724326223642,-1921.0,-662.0,797.0
0 days 00:00:18.956000,197.0,10382.0,5,0.0,True,0,1033.3233333333333,0.3133816524218444,-1900.3170564025927,-633.9908576132186,794.8504558298728
0 days 00:00:19.080000,190.7999872,9720.1486336,5,0.0,True,0,1039.8938494826054,0.3153743290039952,-1862.0,-585.0,790.0
0 days 00:00:19.116000,189.0,9528.0,5,0.0,True,0,1041.7233333333334,0.3159291666368306,-1848.713655003678,-568.3718092376005,788.4251206115134
0 days 00:00:19.316000,170.0,9376.0,5,0.0,True,0,1051.1677777777777,0.3187934352647911,-1763.769225848234,-463.680866208532,778.9930459470582
0 days 00:00:19.340000,169.1,9448.5,5,0.0,True,0,1052.2772433223035,0.3191299089845193,-1755.0,-453.0,778.0
0 days 00:00:19.556000,161.0,10101.0,5,0.0,True,0,1061.901111111111,0.3220485923172734,-1698.875337661445,-386.0815789507426,771.1303858991654
0 days 00:00:19.819000,133.50453876363636,10004.168158254546,5,0.0,True,0,1070.8310923895788,0.324756836870423,-1652.0,-334.0,767.0
0 days 00:00:19.920000,122.94542778181818,9966.981723927272,5,0.0,True,0,1073.7696737400615,0.3256480366040238,-1629.0,-309.0,766.0
0 days 00:00:19.996000,115.0,9939.0,3,0.0,True,0,1075.9566666666665,0.3263112979812382,-1611.7374935628627,-291.56598774860424,763.8972643480308
0 days 00:00:20.099000,110.70833066666668,9506.113619911112,3,0.0,True,0,1078.8874543038378,0.3272001340725238,-1589.0,-270.0,760.0
0 days 00:00:20.259000,104.041664,8833.669175466666,3,0.0,True,0,1083.3480318782122,0.3285529179746389,-1555.0,-240.0,755.0
0 days 00:00:20.356000,100.0,8426.0,2,0.0,True,0,1085.9566666666665,0.3293440529990788,-1533.7271935229608,-225.65962220050855,752.4780277457428
0 days 00:00:20.916000,89.0,7336.0,2,0.0,True,0,1099.801111111111,0.3335427338348892,-1402.0524078915648,-203.94382363412845,743.1273918304752
0 days 00:00:21.039000,87.15499904,7249.8999552,2,0.0,True,0,1102.7625342684466,0.3344408609289252,-1375.0,-212.0,741.0
0 days 00:00:21.116000,86.0,7196.0,2,0.0,True,0,1104.5788888888887,0.3349917167878575,-1358.6826959193045,-219.3152790380813,739.5654043289634
0 days 00:00:21.239000,83.36428434285715,7012.817761828572,2,0.0,True,0,1107.3806542861485,0.3358414235945927,-1334.0,-234.0,737.0
0 days 00:00:21.396000,80.0,6779.0,2,0.0,False,0,1110.801111111111,0.3368787643545139,-1305.977413873504,-256.3748612932261,733.0555952596414
0 days 00:00:21.439000,79.46383985771259,6762.486267617548,2,0.4289281138299305,False,0,1111.712798329928,0.3371552567532707,-1299.0,-263.0,732.0
0 days 00:00:21.639000,76.97007546569952,6685.678324343546,2,2.4239396274403777,False,0,1115.8238442598752,0.3384020362705328,-1271.0,-295.0,728.0
0 days 00:00:21.797000,75.0,6625.0,2,4.0,False,0,1119.1552777777777,0.3394123784423349,-1254.861397089385,-320.75383308664,726.6466007722647
0 days 00:00:21.839000,76.0499968,6768.674562133333,2,10.2999808,False,0,1120.0728294003682,0.3396906493710888,-1250.0,-332.0,726.0
0 days 00:00:21.999000,80.0499968,7316.007895466667,2,34.2999808,False,0,1123.680080958723,0.3407846403975103,-1229.0,-391.0,722.0
0 days 00:00:22.037000,81.0,7446.0,2,40.0,False,0,1124.5552777777775,0.3410500661519688,-1225.322269812628,-402.1060918530134,721.1998322440832
0 days 00:00:22.237000,85.0,7995.0,2,46.0,False,0,1129.2774999999997,0.342482200465949,-1217.4539233662367,-430.3878144129063,718.8556209983425
0 days 00:00:22.379000,89.25999616,8092.26991232,2,48.83999744,False,0,1132.8044566529968,0.3435518400146574,-1213.0,-451.0,717.0
0 days 00:00:22.437000,91.0,8132.0,2,50.0,False,0,1134.3330555555551,0.3440154266138574,-1210.059598006136,-463.6622265490119,715.9208576237357
0 days 00:00:22.580000,96.3624928,8569.57941248,2,57.50748992,False,0,1138.3826123847643,0.3452435579932388,-1201.0,-501.0,713.0
0 days 00:00:22.759000,103.0749952,9117.31960832,2,66.90499328,False,0,1143.808593460862,0.3468891251267631,-1188.0,-549.0,710.0
0 days 00:00:22.837000,106.0,9356.0,2,71.0,False,0,1146.1108333333332,0.3475873380793141,-1179.432600141031,-577.3619553028643,707.7854726289515
0 days 00:00:22.997000,106.0,10476.0,2,74.0,False,0,1150.8219444444444,0.3490161026654969,-1157.810115648918,-645.3033095013719,701.8209177331826
0 days 00:00:23.059000,110.47776853333332,10537.138762666667,2,76.0666624,False,0,1152.845057678832,0.3496296633468218,-1151.0,-666.0,700.0
0 days 00:00:23.339000,130.69999075555555,10813.24987377778,2,85.39999573333333,False,0,1163.3216616780453,0.352806960681676,-1129.0,-725.0,695.0
0 days 00:00:23.357000,132.0,10831.0,2,86.0,False,0,1164.0219444444444,0.3530193392890465,-1127.0195896982932,-729.7757276616668,694.5899467766034
0 days 00:00:23.557000,142.0,10674.0,2,88.0,False,0,1171.9108333333334,0.355411846025343,-1097.1166269584492,-800.0352703635492,688.5204418512639
0 days 00:00:23.700000,142.5107136,10426.303904,2,43.0572032,False,0,1177.6956232114098,0.357166231078332,-1073.0,-855.0,685.0
0 days 00:00:23.760000,142.72500022857142,10322.374889142857,2,24.199979885714285,False,0,1180.0949982854988,0.3578939027578945,-1063.0,-877.0,684.0
0 days 00:00:23.837000,143.0,10189.0,3,0.0,True,0,1183.0330555555556,0.3587849435507412,-1048.2572442017065,-905.8499807589396,681.790649199555
0 days 00:00:24,130.73666491987356,10218.636393110306,3,0.0,True,0,1188.7292680018793,0.3605124652386687,-1018.0,-958.0,676.0
0 days 00:00:24.156000,119.0,10247.0,3,0.0,True,0,1193.5777777777778,0.3619828994738592,-1008.670070042732,-972.2146787826734,675.1548379540745
0 days 00:00:24.280000,110.93998336,10165.15983104,3,0.0,True,0,1197.0528662011357,0.3630368086591971,-1001.0,-982.0,675.0
0 days 00:00:24.540000,94.04,9993.56,3,0.0,True,0,1203.5275507453375,0.3650004218632335,-957.0,-1042.0,670.0
0 days 00:00:24.556000,93.0,9983.0,2,0.0,True,0,1203.9111111111113,0.3651167463256279,-954.2390648757622,-1045.28369212706,669.635422080541
0 days 00:00:24.716000,84.0,9708.0,1,0.0,True,0,1207.6444444444446,0.3662489748656217,-928.7281626604548,-1071.501207893515,666.315291520597
0 days 00:00:24.740000,83.04,9602.16,1,0.0,True,0,1208.1784588823452,0.3664109283622359,-925.0,-1075.0,666.0
0 days 00:00:24.860000,78.24,9072.96,1,0.0,True,0,1210.7335994761756,0.3671858399079586,-905.0,-1092.0,665.0
0 days 00:00:24.916000,76.0,8826.0,1,0.0,True,0,1211.8666666666668,0.3675294714287099,-892.5869478226023,-1099.962894935108,664.2482221861603
0 days 00:00:25.140000,68.53333333333333,7911.333333333333,1,0.0,True,0,1216.1028529819832,0.3688142029591382,-834.0,-1128.0,660.0
0 days 00:00:25.156000,68.0,7846.0,1,0.0,True,0,1216.4,0.368904320370131,-830.8688165402148,-1129.2736719313737,659.799860787606
0 days 00:00:25.316000,66.0,7268.0,1,0.0,True,0,1219.3333333333337,0.3697939285086976,-810.0529891124941,-1135.8072726655068,658.8662752723375
0 days 00:00:25.539000,60.88958186666667,6762.533188266667,1,0.0,True,0,1222.9243270463878,0.3708829889289275,-792.0,-1132.0,658.0
0 days 00:00:25.779000,55.38958186666667,6218.533188266667,1,0.0,True,0,1226.4169397426597,0.3719422127969267,-760.0,-1119.0,655.0
0 days 00:00:25.796000,55.0,6180.0,1,0.0,False,0,1226.6666666666667,0.372017948855114,-757.9964323436145,-1117.5759519032388,654.9953480912459
0 days 00:00:25.940000,53.2,5802.0,1,0.0,False,0,1228.7881922912518,0.3726613556034578,-744.0,-1103.0,656.0
0 days 00:00:25.956000,53.0,5760.0,1,0.0,False,0,1229.0222222222224,0.3727323311482053,-742.791028284676,-1101.2023987475468,656.0923467067056
0 days 00:00:26.100000,52.1,5503.5,1,0.0,False,0,1231.1041155445628,0.373363718390199,-735.0,-1082.0,656.0
0 days 00:00:26.116000,52.0,5475.0,1,0.0,False,0,1231.3333333333337,0.3734332345301063,-734.4608572906965,-1079.1582669444642,655.8084348976611
0 days 00:00:26.316000,51.0,5263.0,1,0.0,False,0,1234.1666666666667,0.3742925151184945,-732.5984309712223,-1033.6696086066909,650.6072287936478
0 days 00:00:26.380000,50.54285714285714,5198.314285714286,1,0.2285714285714285,False,0,1235.0592994888998,0.3745632287855661,-733.0,-1022.0,649.0
0 days 00:00:26.596000,49.0,4980.0,1,1.0,False,0,1237.977777777778,0.3754483317530715,-736.2404235282235,-1004.1189288215912,645.8236996124365
0 days 00:00:26.720000,47.4499968,5200.1004544,1,7.5875136,False,0,1239.5334862493728,0.3759201400204242,-739.0,-996.0,645.0
0 days 00:00:26.916000,45.0,5548.0,1,18.0,False,0,1241.977777777778,0.3766614337602078,-745.5434112797305,-972.7488391797078,644.2107014316903
0 days 00:00:26.939000,45.4312512,5620.234576,1,18.5031264,False,0,1242.2826517591047,0.3767538945698755,-747.0,-969.0,644.0
0 days 00:00:27.199000,50.3062512,6436.797076,1,24.1906264,False,0,1245.9673332275156,0.3778713681911223,-771.0,-920.0,640.0
0 days 00:00:27.236000,51.0,6553.0,1,25.0,False,0,1246.5111111111112,0.3780362827016288,-773.3850730828451,-915.4552694257932,639.614847667091
0 days 00:00:27.436000,54.0,6878.0,1,31.0,False,0,1249.5111111111112,0.378946109206981,-780.207560766156,-903.766574281627,638.690199891193
0 days 00:00:27.519000,55.5562512,7241.12528,1,34.1125024,False,0,1250.7971906492492,0.3793361456242441,-785.0,-897.0,638.0
0 days 00:00:27.596000,57.0,7578.0,1,37.0,False,0,1252.0444444444445,0.3797144071448339,-791.6210984855138,-887.803342467632,636.9959183182248
0 days 00:00:27.719000,60.69000192,8113.35777856,1,40.99750208,False,0,1254.2024392114236,0.3803688740906369,-805.0,-870.0,635.0
0 days 00:00:27.919000,66.69000192,8983.85777856,1,47.49750208,False,0,1258.1095488657777,0.3815538047315864,-828.0,-843.0,632.0
0 days 00:00:27.996000,69.0,9319.0,1,50.0,False,0,1259.7111111111112,0.3820395193251784,-836.7429593915185,-833.2417535947195,630.9660412401633
0 days 00:00:28.199000,77.70000274285714,10344.875323428572,1,52.17500068571429,False,0,1264.1873176796614,0.3833970431183446,-867.0,-801.0,627.0
0 days 00:00:28.276000,81.0,10734.0,1,53.0,False,0,1266.0111111111112,0.383950154986418,-886.2670176249585,-781.050300474204,624.0048234719413
0 days 00:00:28.437000,91.0,11041.0,1,54.0,False,0,1270.0808333333334,0.3851844020354842,-930.5603195245168,-735.4542608054735,617.0630205415669
0 days 00:00:28.439000,91.0666624,11040.1167232,1,53.7000192,False,0,1270.1336108175296,0.3852004081534866,-931.0,-735.0,617.0
0 days 00:00:28.677000,99.0,10935.0,1,18.0,False,0,1276.680833333333,0.3871860203472589,-961.5613420910472,-702.7894153449147,614.0357688456822
0 days 00:00:28.840000,97.77749952,9848.60457344,1,10.66499712,False,0,1281.12275248256,0.3885331456061249,-977.0,-681.0,613.0
0 days 00:00:29.077000,96.0,8269.0,2,0.0,True,0,1287.3475,0.3904209590329556,-1008.7706503864712,-627.45753374107,609.0308923636865
0 days 00:00:29.079000,95.96000256,8264.68527616,2,0.0,True,0,1287.3985116232147,0.3904364296085829,-1009.0,-627.0,609.0
0 days 00:00:29.239000,92.76000256,7919.48527616,2,0.0,True,0,1291.3967746856442,0.3916490048451059,-1023.0,-590.0,607.0
0 days 00:00:29.477000,88.0,7406.0,2,0.0,True,0,1297.125277777778,0.3933863194948442,-1027.0124018829124,-519.4885900837958,605.0245250234487
0 days 00:00:29.479000,87.9750016,7403.906384,2,0.0,True,0,1297.1728618659051,0.3934007505830479,-1027.0,-519.0,605.0
0 days 00:00:29.779000,84.2250016,7089.843884,2,0.0,True,0,1304.1834808989304,0.3955268995881056,-1013.0,-465.0,599.0
0 days 00:00:29.797000,84.0,7071.0,2,0.0,False,0,1304.5919444444446,0.3956507765748319,-1010.5126836985064,-460.8499752069828,598.5192777313187
0 days 00:00:29.997000,80.0,6978.0,2,0.0,False,0,1309.036388888889,0.3969986676938721,-970.6652046151412,-404.6434562312459,592.6197324250461
0 days 00:00:30.059000,79.7416672,6914.708464,2,1.0333312,False,0,1310.3929664549948,0.3974100844359419,-959.0,-390.0,591.0
0 days 00:00:30.237000,79.0,6733.0,2,4.0,False,0,1314.3030555555556,0.3985959186699348,-934.104284572127,-363.7494243148554,587.4403067718176
0 days 00:00:30.540000,82.7874976,7517.9588776,2,34.2999808,False,0,1321.290503655671,0.4007150404986874,-898.0,-343.0,584.0
0 days 00:00:30.557000,83.0,7562.0,2,36.0,False,0,1321.680833333333,0.4008334179275417,-894.988436475914,-341.144570479826,583.8464444515402
0 days 00:00:30.716000,83.0,8088.0,2,40.0,False,0,1325.3466666666668,0.4019451753711651,-862.6372180253247,-321.35707979142023,581.1240950881122
0 days 00:00:30.719000,83.09750208,8094.03012864,2,40.12750272,False,0,1325.418458854169,0.4019669481828541,-862.0,-321.0,581.0
0 days 00:00:30.780000,85.08,8216.64,2,42.72,False,0,1326.9080783685276,0.4024187132885384,-849.0,-314.0,578.0
0 days 00:00:31.116000,96.0,8892.0,2,57.0,False,0,1336.013333333333,0.4051801140568617,-777.8696483177679,-278.4110542871133,570.0582885517548
0 days 00:00:31.120000,96.21668053333332,8916.284887466667,2,57.283351466666666,False,0,1336.1287044877952,0.4052151033016226,-777.0,-278.0,570.0
0 days 00:00:31.300000,105.96666666666668,10009.033333333333,2,70.03333333333333,False,0,1341.496987376816,0.406843171988509,-730.0,-257.0,567.0
0 days 00:00:31.356000,109.0,10349.0,2,74.0,False,0,1343.28,0.4073839160364925,-705.807229588456,-247.03100720358896,565.4487876567865
0 days 00:00:31.499000,116.66071771428572,10557.882236342855,2,46.93213074285714,False,0,1348.1275270088263,0.4088540522225061,-636.0,-219.0,561.0
0 days 00:00:31.636000,124.0,10758.0,2,21.0,False,0,1352.9244444444444,0.4103088397648099,-598.7323793815181,-204.12953641023148,558.8518665140546
0 days 00:00:31.880000,121.38571154285714,9987.656334628571,2,2.6999808000000023,False,0,1361.190494488365,0.4128157302396521,-551.0,-192.0,557.0
0 days 00:00:31.916000,121.0,9874.0,2,0.0,True,0,1362.3355555555554,0.4131629992093776,-536.3951610494611,-188.98911939108768,556.3614577111108
0 days 00:00:32.120000,109.09998506666666,9286.649262933332,2,0.0,True,0,1368.4221066951498,0.4150089010603724,-438.0,-170.0,552.0
0 days 00:00:32.156000,107.0,9183.0,2,0.0,True,0,1369.4688888888886,0.4153263644554372,-426.1465558024989,-167.99429354942933,551.5168478572643
0 days 00:00:32.316000,104.0,8928.0,2,0.0,True,0,1374.0911111111109,0.4167281712192391,-400.3376966871991,-165.4545585790241,550.7481085609215
0 days 00:00:32.460000,102.0,8571.2,2,0.0,True,0,1378.1451604964004,0.4179576650808201,-382.0,-169.0,550.0
0 days 00:00:32.676000,99.0,8036.0,2,0.0,True,0,1383.991111111111,0.4197305986869014,-329.80952860300573,-181.69927032608973,546.8818472231754
0 days 00:00:32.780000,96.4,7923.875,2,0.0,True,0,1386.6910106840533,0.420549412084652,-305.0,-193.0,546.0
0 days 00:00:32.899000,93.4249984,7795.578056,2,0.0,True,0,1389.6916391961952,0.4214594292023394,-282.0,-211.0,546.0
0 days 00:00:32.996000,91.0,7691.0,2,0.0,False,0,1392.08,0.4221837605235546,-266.12143259462545,-229.32064997551905,545.8326104117954
0 days 00:00:33.196000,86.0,7539.0,2,0.0,False,0,1396.8577777777775,0.4236327434765229,-240.48385249649195,-272.2442486945336,545.0415101995798
0 days 00:00:33.220000,85.7,7508.25,2,0.75,False,0,1397.4212635788294,0.4238036349155851,-238.0,-277.0,545.0
0 days 00:00:33.356000,84.0,7334.0,2,5.0,False,0,1400.5911111111109,0.4247649720165167,-225.48699363450805,-304.8474849540144,544.9925700479755
0 days 00:00:33.380000,84.0,7379.2,2,6.5,False,0,1401.1502814176845,0.4249345546718256,-223.0,-312.0,545.0
0 days 00:00:33.559000,84.0,7716.3167872,2,17.687503999999997,False,0,1405.3270815476817,0.4262012758271023,-202.0,-385.0,545.0
0 days 00:00:33.596000,84.0,7786.0,2,20.0,False,0,1406.1911111111108,0.4264633148265074,-198.7958471120172,-397.6564563901038,544.9979329180686
0 days 00:00:33.836000,85.0,7949.0,2,36.0,False,0,1411.8577777777775,0.4281818760032838,-191.94418453320904,-440.7369882221393,544.9972532183256
0 days 00:00:34.019000,90.49000192,8368.07014656,2,48.81000448,False,0,1416.4667398438348,0.429579661286571,-191.0,-461.0,545.0
0 days 00:00:34.036000,91.0,8407.0,2,50.0,False,0,1416.9133333333332,0.4297151021511921,-190.77944903933536,-463.21191496044594,545.0000881161085
0 days 00:00:34.199000,96.70500224,9044.33025024,2,57.33500288,False,0,1421.342474178204,0.4310583520633925,-188.0,-490.0,545.0
0 days 00:00:34.236000,98.0,9189.0,2,59.0,False,0,1422.3577777777775,0.4313662687720164,-187.44801057089447,-498.88870487276,545.0000050650312
0 days 00:00:34.359000,99.1531256,9707.90652,2,65.1500032,False,0,1425.7196250973493,0.4323858347047808,-186.0,-534.0,545.0
0 days 00:00:34.556000,101.0,10539.0,2,75.0,False,0,1431.3355555555554,0.4340890088324778,-184.99533244469464,-590.7932094288551,544.999912346231
0 days 00:00:34.560000,101.3500224,10557.501184,2,75.1750112,False,0,1431.4573637108222,0.4341259502618877,-185.0,-592.0,545.0
0 days 00:00:34.716000,115.0,11279.0,2,82.0,False,0,1436.4466666666667,0.4356390836193742,-186.07217332665445,-641.5770978910609,545.00514039782
0 days 00:00:34.779000,117.87551930249084,11091.307012801051,2,86.18257353089578,False,0,1438.5796194652005,0.4362859559496312,-187.0,-663.0,545.0
0 days 00:00:34.957000,126.0,10561.0,2,98.0,False,0,1444.881666666667,0.4381972124769227,-191.1299584355383,-727.1979127696718,544.9669269921421
0 days 00:00:35.019000,128.21428114285715,10652.671239314286,2,98.22142811428571,False,0,1447.1253869918012,0.438877677884391,-193.0,-749.0,545.0
0 days 00:00:35.237000,136.0,10975.0,3,99.0,False,0,1455.4594444444444,0.4414051933402386,-201.73998929533795,-828.0185016726364,545.094078111578
0 days 00:00:35.259000,137.81498944,10935.23523136,3,99.0,False,0,1456.3800201691674,0.4416843814050842,-203.0,-839.0,545.0
0 days 00:00:35.499000,157.61498944,10501.43523136,3,99.0,False,0,1467.424724432107,0.4450339696324836,-219.0,-981.0,543.0
0 days 00:00:35.637000,169.0,10252.0,4,99.0,False,0,1474.237222222222,0.4471000333181836,-222.8221925709153,-1016.53685279052,542.8940055564855
0 days 00:00:35.719000,172.35454021818182,10482.717821672728,4,99.0,False,0,1478.3692363521716,0.4483531719768229,-225.0,-1037.0,543.0
0 days 00:00:36.077000,187.0,11490.0,4,99.0,False,0,1497.0927777777774,0.4540315633978481,-245.4481877066464,-1222.867810284198,542.9833202868564
0 days 00:00:36.119000,189.0999936,11269.500672,4,99.0,False,0,1499.3526168443384,0.4547169172247107,-248.0,-1246.0,543.0
0 days 00:00:36.237000,195.0,10650.0,4,99.0,False,0,1505.7594444444444,0.4566599510799768,-254.77504874907748,-1307.473676826796,543.1067642547068
0 days 00:00:36.397000,198.0,10483.0,5,99.0,False,0,1514.559444444444,0.4593287754956764,-263.35496226689486,-1386.1230431984818,543.2161420251969
0 days 00:00:36.480000,200.90500224,10690.50016,5,99.0,False,0,1519.2238674740538,0.4607433807305144,-268.0,-1430.0,543.0
0 days 00:00:36.597000,205.0,10983.0,5,99.0,False,0,1525.9483333333333,0.4627827464882172,-274.8569548811709,-1496.248478179542,542.3468908434844
0 days 00:00:36.679000,208.4166613333333,11097.458154666669,5,99.0,False,0,1530.783830043351,0.464249234179323,-280.0,-1544.0,542.0
0 days 00:00:36.820000,214.29165866666668,11294.270565333334,5,99.0,False,0,1539.258052185092,0.4668192581515891,-290.0,-1626.0,542.0
0 days 00:00:36.837000,215.0,11318.0,5,99.0,False,0,1540.2816666666668,0.4671296953471221,-291.4144713576592,-1635.8411138539054,542.006405173022
0 days 00:00:37.020000,216.96071222857145,11450.021290057142,5,99.0,False,0,1551.316098268636,0.4704761681281112,-311.0,-1744.0,542.0
0 days 00:00:37.117000,218.0,11520.0,5,99.0,False,0,1557.237222222222,0.4722718999662607,-326.1835526729556,-1807.8413506362,542.0311312700488
0 days 00:00:37.277000,224.0,10446.0,5,99.0,False,0,1567.1927777777778,0.4752911760729109,-357.2275265185159,-1919.97700835778,542.0933934035905
0 days 00:00:37.360000,226.60188445003703,10528.479737066174,5,99.0,False,0,1572.4871887521049,0.4768968412178009,-373.0,-1973.0,542.0
0 days 00:00:37.596000,234.0,10763.0,6,99.0,False,0,1587.9277777777777,0.4815795936024033,-414.85303840294944,-2100.780871297072,541.2374299932915
0 days 00:00:37.699000,236.5750016,10859.82006016,6,99.0,False,0,1594.739124407628,0.4836453081693964,-435.0,-2158.0,541.0
0 days 00:00:37.796000,239.0,10951.0,6,99.0,False,0,1601.2055555555555,0.4856064183205362,-456.1386259027721,-2216.8421594899337,540.9410980459089
0 days 00:00:37.940000,241.7,11095.9,6,99.0,False,0,1610.9300870468137,0.4885556304881624,-490.0,-2308.0,541.0
0 days 00:00:38.100000,244.7,11256.9,6,99.0,False,0,1621.881835047294,0.4918770273584206,-530.0,-2409.0,541.0
0 days 00:00:38.116000,245.0,11273.0,6,99.0,False,0,1622.9833333333331,0.4922110848038335,-534.5728987699991,-2420.207516695997,540.9992488460595
0 days 00:00:38.276000,249.0,11384.0,6,99.0,False,0,1634.0500000000002,0.4955673336902438,-587.2621906142041,-2546.610142217432,540.9962904343957
0 days 00:00:38.400000,250.03333546666667,11485.783543466669,6,99.0,False,0,1642.6524494205285,0.4981762458548265,-627.0,-2639.0,541.0
0 days 00:00:38.516000,251.0,11581.0,6,99.0,False,0,1650.783333333333,0.5006421437534303,-658.0359183217159,-2708.3900515612117,541.0083811743175
0 days 00:00:38.780000,257.6,11620.6,6,99.0,False,0,1669.7599195719204,0.5063972774670863,-726.0,-2842.0,541.0
0 days 00:00:38.836000,259.0,11629.0,6,99.0,False,0,1673.8055555555554,0.5076242197500589,-745.8210949584866,-2876.980110937496,540.997220366356
0 days 00:00:38.839000,259.01500032,11612.7996544,6,99.0,False,0,1674.0221661745222,0.5076899124442178,-747.0,-2879.0,541.0
0 days 00:00:39.036000,260.0,10549.0,6,99.0,False,0,1688.25,0.5120048658869398,-851.3481398422452,-3041.2792344556783,541.8542318162731
0 days 00:00:39.080000,260.5500032,10544.41664,6,99.0,False,0,1691.4473536738035,0.5129745449267438,-878.0,-3077.0,542.0
0 days 00:00:39.276000,263.0,10524.0,7,99.0,False,0,1705.7833333333335,0.5173222963515538,-1001.1816947953791,-3212.5871072739264,541.9309054439842
0 days 00:00:39.399000,263.8785718857143,10616.689333942855,7,98.56071405714286,False,0,1714.8200894630245,0.520062923101286,-1071.0,-3277.0,542.0
0 days 00:00:39.556000,265.0,10735.0,7,98.0,False,0,1726.3944444444442,0.5235731414161029,-1142.9208026388774,-3335.4008449324224,542.7745451483731
0 days 00:00:39.679000,266.0250005333333,10810.850039466666,7,98.0,False,0,1735.4943952855754,0.5263329335736573,-1201.0,-3375.0,543.0
0 days 00:00:39.796000,267.0,10883.0,7,98.0,False,0,1744.1944444444443,0.5289714453478592,-1267.7546581702832,-3415.951442821136,542.2933656621476
0 days 00:00:39.940000,268.8,10878.2,7,98.0,False,0,1754.982510766686,0.5322432015750167,-1370.0,-3472.0,541.0
0 days 00:00:40.036000,270.0,10875.0,7,98.0,False,0,1762.1944444444446,0.5344304043799724,-1453.907131872482,-3513.744139559148,540.4709486119386
0 days 00:00:40.236000,271.0,10950.0,7,98.0,False,0,1777.2499999999998,0.5389963855457212,-1629.0174577016892,-3596.068905200409,540.0042511557735
0 days 00:00:40.239000,271.04090996363635,10951.009112436364,7,98.0,False,0,1777.4773965542818,0.539065349349825,-1631.0,-3597.0,540.0
0 days 00:00:40.499000,274.5863645090909,11038.463657890909,7,98.0,False,0,1797.4125961690752,0.545111207016167,-1754.0,-3656.0,540.0
0 days 00:00:40.676000,277.0,11098.0,7,98.0,False,0,1811.105555555556,0.5492639461450105,-1871.3411169572505,-3715.212047103071,540.6965322921793
0 days 00:00:40.779000,278.2875008,11140.4875264,7,98.0,False,0,1819.0821374118104,0.5516830480099877,-1946.0,-3753.0,541.0
0 days 00:00:40.836000,279.0,11164.0,7,98.0,False,0,1823.5055555555552,0.5530245623671327,-1986.2597524279115,-3773.296474782909,541.0525802958875
0 days 00:00:40.959000,279.8386368,11206.2113856,7,98.0,False,0,1833.0836006887507,0.555929348811013,-2071.0,-3816.0,541.0
0 days 00:00:41.119000,280.9295458909091,11261.120476509092,7,98.0,False,0,1845.609622253204,0.5597281842863304,-2182.0,-3872.0,541.0
0 days 00:00:41.276000,282.0,11315.0,7,98.0,False,0,1857.9722222222224,0.5634774579952901,-2312.894743246468,-3935.16851978574,541.2325693275118
0 days 00:00:41.519000,284.6925200527317,11402.50690171378,7,98.0,False,0,1877.2436765207776,0.569322017967793,-2513.0,-4028.0,542.0
0 days 00:00:41.637000,286.0,11445.0,7,98.0,False,0,1886.6516666666664,0.5721752309000671,-2577.361194910377,-4056.676424209032,542.4954453962498
0 days 00:00:41.839000,287.68333226666664,11492.133303466666,7,98.0,False,0,1902.812228101192,0.5770763332782348,-2674.0,-4096.0,543.0
0 days 00:00:41.877000,288.0,11501.0,7,98.0,False,0,1905.851666666667,0.5779981205343211,-2697.960218853583,-4105.239710343189,542.9399326763191
0 days 00:00:42.079000,288.0,11526.75498368,7,98.0,False,0,1921.982626318556,0.5828902454170061,-2854.0,-4162.0,542.0
0 days 00:00:42.277000,288.0,11552.0,7,98.0,False,0,1937.851666666667,0.587702936591411,-3032.8517827189817,-4217.715627395031,540.7408627632174
0 days 00:00:42.339000,287.4833344,11498.0084448,7,72.9417184,False,0,1942.8523938890007,0.5892195346490496,-3083.0,-4232.0,540.0
0 days 00:00:42.517000,286.0,11343.0,7,1.0,True,0,1956.9183333333335,0.5934853894920938,-3199.5456879178414,-4261.4493949467815,536.563453951613
0 days 00:00:42.579000,276.958352,11007.9423584,7,0.7416672,True,0,1961.490017957244,0.5948718694404086,-3239.0,-4270.0,535.0
0 days 00:00:42.757000,251.0,10046.0,7,0.0,True,0,1973.6516666666664,0.5985601995552803,-3362.343469356694,-4293.383713549378,529.6524226840833
0 days 00:00:42.839000,242.11668053333327,9907.283549866666,7,0.0,True,0,1978.8299480460971,0.6001306454390062,-3421.0,-4303.0,527.0
0 days 00:00:43.117000,212.0,9437.0,7,0.0,True,0,1994.8516666666667,0.6049896401931024,-3612.057565881944,-4328.276967897192,518.1444888780894
0 days 00:00:43.159000,207.8000128,9487.81984512,7,0.0,True,0,1997.1663718951888,0.6056916335827647,-3636.0,-4331.0,517.0
0 days 00:00:43.317000,192.0,9679.0,7,0.0,True,0,2005.5183333333332,0.6082245788787991,-3710.078390942719,-4338.561086968871,513.3515918436314
0 days 00:00:43.439000,176.2416832,9988.5746752,7,0.0,True,0,2011.2679583412908,0.6099682992881575,-3759.0,-4343.0,511.0
0 days 00:00:43.557000,161.0,10288.0,5,0.0,True,0,2016.2516666666668,0.6114797359312814,-3805.5070750461946,-4347.141445943293,508.9470040936536
0 days 00:00:44.396000,103.0,8716.0,2,0.0,True,0,2040.256388888889,0.6187597801084127,-4093.296881900437,-4393.020561831771,497.2276425819732
0 days 00:00:44.460000,101.08,8616.48,2,0.0,True,0,2041.981587575377,0.6192829906057347,-4109.0,-4401.0,496.0
0 days 00:00:44.596000,97.0,8405.0,2,0.0,True,0,2045.6452777777777,0.620394098090249,-4138.822200708227,-4420.606911267468,493.1843870429444
0 days 00:00:44.680000,94.59999268571428,8107.399093028572,2,0.0,True,0,2047.8027403441852,0.6210484036326566,-4154.0,-4434.0,492.0
0 days 00:00:44.876000,89.0,7413.0,2,0.0,True,0,2052.5675,0.6224934385081543,-4179.986427516886,-4470.061337328839,491.9850161182865
0 days 00:00:44.940000,87.62857142857143,7392.2,2,0.0,True,0,2054.074464864151,0.6229504640335006,-4190.0,-4488.0,492.0
0 days 00:00:45.139000,83.36428434285715,7327.5249792,2,0.0,True,0,2058.638689063978,0.624334681417958,-4228.0,-4559.0,491.0
0 days 00:00:45.156000,83.0,7322.0,2,0.0,False,0,2059.023055555556,0.6244512503585603,-4230.4980566400745,-4563.4427977594805,490.9125338948382
0 days 00:00:45.356000,80.0,6843.0,2,0.0,True,0,2063.4675,0.6257991414776005,-4246.848916990879,-4586.717901795776,490.1883686983927
0 days 00:00:45.460000,78.375,6689.925,2,0.0,True,0,2065.6833601158137,0.626471157566107,-4255.0,-4594.0,490.0
0 days 00:00:45.676000,75.0,6372.0,2,0.0,False,0,2070.1341666666667,0.6278209781561609,-4283.186436312114,-4618.633439373818,489.9636536727125
0 days 00:00:45.800000,73.96666453333333,6300.6998528,2,0.0,False,0,2072.6741374478247,0.6285912890693335,-4312.0,-4633.0,490.0
0 days 00:00:45.916000,73.0,6234.0,2,0.0,False,0,2075.000833333333,0.6292969189315101,-4348.710440566623,-4643.9470123425535,490.0017076072263
0 days 00:00:45.959000,72.13999872,6161.32989184,2,0.0,False,0,2075.841253487029,0.6295517977753317,-4361.0,-4647.0,490.0
0 days 00:00:46.116000,69.0,5896.0,2,0.0,False,0,2078.834166666667,0.6304594750216823,-4390.2232413133215,-4652.517092578992,489.9974504635102
0 days 00:00:46.340000,68.06666666666666,6410.266666666666,2,15.866666666666667,False,0,2083.061575173293,0.6317415444577756,-4415.0,-4651.0,490.0
0 days 00:00:46.356000,68.0,6447.0,2,17.0,False,0,2083.3675000000003,0.6318343239631034,-4417.509745799238,-4650.815769475215,490.00023606592725
0 days 00:00:46.516000,70.0,6570.0,2,31.0,False,0,2086.478611111111,0.6327778477464315,-4447.83926705276,-4648.435086787976,490.0020205099668
0 days 00:00:46.580000,71.2,6749.2,2,35.4,False,0,2087.756649056951,0.6331654453457553,-4461.0,-4647.0,490.0
0 days 00:00:46.676000,73.0,7018.0,2,42.0,False,0,2089.723055555556,0.633761808263331,-4480.93587510363,-4644.216136470423,489.9933360010385
0 days 00:00:46.739000,74.5750016,7270.94525696,2,45.1500032,False,0,2091.055485196191,0.6341659015311867,-4494.0,-4642.0,490.0
0 days 00:00:46.876000,78.0,7821.0,2,52.0,False,0,2094.0563888888887,0.6350760021043951,-4522.363487566058,-4636.144956748529,490.0037577045469
0 days 00:00:46.879000,78.0750016,7828.6501632,2,52.0375008,False,0,2094.1233996521614,0.6350963248272516,-4523.0,-4636.0,490.0
0 days 00:00:47.116000,84.0,8433.0,2,55.0,False,0,2099.6563888888886,0.6367743449143858,-4576.241846019664,-4622.370371201373,489.04777205918566
0 days 00:00:47.259000,91.1500032,8905.410925714286,2,62.66071771428572,False,0,2103.3776163480798,0.6379029020393245,-4610.0,-4614.0,489.0
0 days 00:00:47.396000,98.0,9358.0,2,70.0,False,0,2107.278611111111,0.6390859781835398,-4643.893849789651,-4606.91217363825,489.8030702303151
0 days 00:00:47.439000,100.1500032,9511.432046545457,2,70.87954676363637,False,0,2108.578125462605,0.6394800890505649,-4657.0,-4605.0,490.0
0 days 00:00:47.639000,110.1500032,10225.06841018182,2,74.97045585454545,False,0,2115.090441762013,0.6414551150440443,-4733.0,-4599.0,490.0
0 days 00:00:47.836000,120.0,10928.0,2,79.0,False,0,2121.9452777777774,0.6435340188763727,-4791.854061078655,-4600.429784948463,489.52311153182967
0 days 00:00:48.079000,129.0897736029014,11041.925162489695,2,91.1196981372019,False,0,2130.7352303913003,0.6461997961658971,-4859.0,-4610.0,489.0
0 days 00:00:48.237000,135.0,11116.0,3,99.0,False,0,2136.9827777777773,0.6480945242344505,-4917.459114240297,-4618.687418447839,488.9955701377607
0 days 00:00:48.259000,136.53999104,11109.34503872,3,99.0,False,0,2137.9010481747105,0.648373013149854,-4926.0,-4620.0,489.0
0 days 00:00:48.480000,152.01000448,11042.49248064,3,99.0,False,0,2147.761501902807,0.651363447202061,-5015.0,-4634.0,489.0
0 days 00:00:48.637000,163.0,10995.0,3,99.0,False,0,2155.093888888888,0.6535871805445395,-5084.107046722141,-4643.879257265426,488.9968903479696
0 days 00:00:48.639000,163.0642816,10993.2429696,3,99.0,False,0,2155.18774279581,0.6536156441352556,-5085.0,-4644.0,489.0
0 days 00:00:48.917000,172.0,10749.0,4,99.0,False,0,2168.471666666666,0.6576443328128507,-5212.218382216887,-4661.914680667551,489.9855194220457
0 days 00:00:48.939000,172.97777208888888,10805.6496704,4,99.0,False,0,2169.5651499328123,0.6579759594990837,-5223.0,-4664.0,490.0
0 days 00:00:48.959000,173.86666097777777,10857.1496704,4,99.0,False,0,2170.5658443369443,0.6582794455966292,-5233.0,-4666.0,490.0
0 days 00:00:49.277000,188.0,11676.0,4,99.0,False,0,2187.271666666666,0.6633459122463911,-5445.396847502899,-4692.8163562599575,490.0069686326715
0 days 00:00:49.280000,188.1125024,11670.818639466666,4,99.0,False,0,2187.4356107843123,0.6633956324809346,-5447.0,-4693.0,490.0
0 days 00:00:49.600000,200.1125024,11118.1519728,4,99.0,False,0,2205.5480554117003,0.6688886932138419,-5567.0,-4708.0,489.0
0 days 00:00:49.757000,206.0,10847.0,5,99.0,False,0,2214.738333333333,0.67167587936206,-5653.512633030142,-4718.659465248387,489.74791038346
0 days 00:00:49.820000,208.02499382857144,10948.249691428571,5,99.0,False,0,2218.4643945126754,0.6728059024359033,-5691.0,-4723.0,490.0
0 days 00:00:49.979000,213.13571017142857,11203.78550857143,5,99.0,False,0,2227.963727983384,0.6756868175608465,-5784.0,-4733.0,490.0
0 days 00:00:50.037000,215.0,11297.0,5,99.0,False,0,2231.460555555555,0.676747319697449,-5817.0287638611535,-4736.556282472907,489.77409444526734
0 days 00:00:50.199000,218.3749973333333,11486.674850133331,5,99.0,False,0,2241.317906799294,0.6797368128421557,-5915.0,-4747.0,489.0
0 days 00:00:50.277000,220.0,11578.0,5,99.0,False,0,2246.127222222222,0.681195360390282,-5972.961827121157,-4752.815471725922,489.00540968245264
0 days 00:00:50.477000,225.0,11868.0,5,92.0,False,0,2258.627222222221,0.6849863041625825,-6143.664357481126,-4769.059304412628,489.9422383005256
0 days 00:00:50.579000,223.081505955013,11718.677213498511,5,62.58309131019916,False,0,2264.996829754404,0.6869180500830728,-6210.0,-4775.0,490.0
0 days 00:00:50.796000,219.0,11401.0,5,0.0,True,0,2278.033055555555,0.6908716180042872,-6296.726293556746,-4781.39668458362,489.0181595295271
0 days 00:00:50.819000,216.76388266666663,11365.541568,5,0.0,True,0,2279.318586991564,0.691261488195602,-6307.0,-4782.0,489.0
0 days 00:00:51.039000,195.37499377777775,11026.374901333333,5,0.0,True,0,2290.6884431082603,0.6947096870146054,-6430.0,-4789.0,490.0
0 days 00:00:51.156000,184.0,10846.0,5,0.0,True,0,2296.4330555555557,0.6964518872371139,-6492.880597959065,-4793.677682932384,490.4997827389146
0 days 00:00:51.339000,174.8499968,10474.50987008,5,0.0,True,0,2305.287520125284,0.6991372294225279,-6579.0,-4802.0,491.0
0 days 00:00:51.356000,174.0,10440.0,4,0.0,True,0,2306.099722222222,0.6993835504210266,-6586.160178777107,-4802.80646643604,491.0372725038538
0 days 00:00:51.580000,169.33333333333334,10128.266666666666,4,0.0,True,0,2316.626098089657,0.7025759423441905,-6682.0,-4827.0,491.0
0 days 00:00:51.596000,169.0,10106.0,4,0.0,False,0,2317.3663888888887,0.7028004544077936,-6691.047265209809,-4831.530057371868,490.9049997642105
0 days 00:00:51.800000,165.812496,10033.9624096,4,14.6625184,False,0,2326.681250162353,0.7056254236345525,-6817.0,-4910.0,489.0
0 days 00:00:51.916000,164.0,9993.0,4,23.0,False,0,2331.9441666666667,0.7072215372782458,-6853.0158319689,-4935.094305856173,488.4843132390982
0 days 00:00:52.076000,164.0,10349.0,4,50.0,False,0,2339.233055555556,0.7094320787134719,-6868.058882932886,-4953.926112568097,488.3710802128558
0 days 00:00:52.160000,165.312504,10412.2626928,4,58.4000256,False,0,2343.1024608750795,0.7106055745533564,-6890.0,-4983.0,488.0
0 days 00:00:52.380000,168.75,10577.95,4,80.4,False,0,2353.478545664128,0.7137523868743092,-6989.0,-5112.0,486.0
0 days 00:00:52.396000,169.0,10590.0,4,82.0,False,0,2354.2552777777782,0.713987950695828,-6995.013343463653,-5120.163759896544,485.8481862866856
0 days 00:00:52.636000,180.0,11107.0,4,99.0,False,0,2366.2552777777782,0.7176272567172367,-7043.694639925924,-5196.511269165016,483.8095984759141
0 days 00:00:52.836000,187.0,11598.0,4,99.0,False,0,2376.644166666667,0.7207779522079933,-7071.233698968901,-5259.280371463399,483.0038420054901
0 days 00:00:52.840000,187.12000768,11592.87967232,4,99.0,False,0,2376.856934874038,0.7208424795928474,-7072.0,-5261.0,483.0
0 days 00:00:52.920000,189.52000768,11490.47967232,4,99.0,False,0,2381.158229327062,0.7221469568264096,-7089.0,-5300.0,483.0
0 days 00:00:53.160000,196.72000768,11183.27967232,4,99.0,False,0,2394.492731481872,0.7261909846584501,-7149.0,-5475.0,483.0
0 days 00:00:53.236000,199.0,11086.0,4,99.0,False,0,2398.755277777778,0.7274837105252185,-7163.6580774782815,-5527.368471088575,482.9104409897263
0 days 00:00:53.516000,204.0,10848.0,5,99.0,False,0,2414.6219444444446,0.7322956818201923,-7193.224039105982,-5682.949338723169,482.2251759374649
0 days 00:00:53.659000,209.10714514285715,11061.989381485717,5,99.0,False,0,2423.037743131191,0.734847987389829,-7202.0,-5750.0,482.0
0 days 00:00:53.796000,214.0,11267.0,5,99.0,False,0,2431.266388888889,0.7373435340609982,-7208.566403708585,-5808.986286735515,481.95022164578864
0 days 00:00:53.979000,217.92142994285717,11532.3500928,5,93.77142674285714,False,0,2442.411233469015,0.7407234923933412,-7215.0,-5894.0,482.0
0 days 00:00:54.076000,220.0,11673.0,5,91.0,False,0,2448.3775000000005,0.7425329148693033,-7217.603463373861,-5950.293549434036,481.9999648325452
0 days 00:00:54.239000,222.32857234285717,11702.107154285712,5,88.67142765714286,False,0,2458.482827728089,0.7455976132067317,-7220.0,-6053.0,482.0
0 days 00:00:54.356000,224.0,11723.0,5,87.0,False,0,2465.799722222223,0.7478166480559413,-7218.810052933684,-6123.130487756786,482.03235283013896
0 days 00:00:54.399000,224.53582602218503,11572.968713788185,5,87.0,False,0,2468.502462439298,0.7486363229514665,-7216.0,-6151.0,482.0
0 days 00:00:54.677000,228.0,10603.0,5,87.0,False,0,2486.129722222223,0.7539822390072112,-7161.751567827453,-6349.405861114364,481.0139866797653
0 days 00:00:54.680000,228.02500053333333,10606.2250688,5,87.01250026666666,False,0,2486.321000083083,0.7540402488964437,-7161.0,-6351.0,481.0
0 days 00:00:54.917000,230.0,10861.0,6,88.0,False,0,2501.4630555555564,0.7586324633679001,-7095.506179622109,-6430.345659541442,480.0090143947709
0 days 00:00:54.960000,230.0,10808.96992256,6,89.93500288,False,0,2504.203182078259,0.7594634766140247,-7082.0,-6444.0,480.0
0 days 00:00:55.117000,230.0,10619.0,6,97.0,False,0,2514.2408333333337,0.7625076503351408,-7027.985294759667,-6504.947539846941,480.6220047453796
0 days 00:00:55.280000,233.62222364444443,10834.522306844445,6,97.90555591111112,False,0,2524.927645012732,0.7657486985096819,-6965.0,-6627.0,481.0
0 days 00:00:55.439000,237.1555527111111,11044.755386311112,6,98.78888817777778,False,0,2535.5138743229395,0.7689592425157363,-6903.0,-6818.0,480.0
0 days 00:00:55.477000,238.0,11095.0,6,99.0,False,0,2538.040833333334,0.7697256072776014,-6892.335185586421,-6852.73084655064,479.779997938455
0 days 00:00:55.637000,240.0,10956.0,6,99.0,False,0,2548.707500000001,0.7729605459632982,-6870.364179070566,-6925.636055083597,479.2114261420419
0 days 00:00:55.840000,243.171876,10923.6468648,6,56.4968616,False,0,2562.6047474291904,0.7771752406508027,-6855.0,-6987.0,479.0
0 days 00:00:55.957000,245.0,10905.0,6,32.0,False,0,2570.4852777777787,0.7795652124465955,-6835.851513291723,-7063.447935461576,478.9957569473602
0 days 00:00:55.999000,242.43334115555555,10938.716563911112,6,28.266678044444443,False,0,2573.2498653909684,0.7804036441422115,-6829.0,-7092.0,479.0
0 days 00:00:56.317000,223.0,11194.0,6,0.0,True,0,2592.785277777779,0.7863282561363801,-6791.310083718399,-7286.969048196639,479.0000368364315
0 days 00:00:56.320000,222.6999936,11195.643785066666,6,0.0,True,0,2592.9531948519325,0.7863791812713021,-6791.0,-7289.0,479.0
0 days 00:00:56.539000,200.8000128,11315.637429866669,6,0.0,True,0,2604.301461771548,0.7898208326157281,-6770.0,-7443.0,479.0
0 days 00:00:56.797000,175.0,11457.0,5,0.0,True,0,2616.118611111112,0.7934046845113415,-6756.610508618253,-7555.808834470522,479.000137991575
0 days 00:00:56.999000,163.38500736,11027.750272,5,0.0,True,0,2624.83916142338,0.7960494137831275,-6751.0,-7632.0,479.0
0 days 00:00:57.039000,161.08500736,10942.750272,5,0.0,True,0,2626.514078633418,0.7965573751404489,-6750.0,-7650.0,479.0
0 days 00:00:57.197000,152.0,10607.0,3,0.0,True,0,2633.007500000001,0.7985266707636945,-6746.578863764553,-7719.684257601958,479.0002459836582
0 days 00:00:57.240000,150.20833066666663,10564.716603733334,3,0.0,True,0,2634.7408524549564,0.7990523540992398,-6746.0,-7738.0,479.0
0 days 00:00:57.437000,142.0,10371.0,3,0.0,True,0,2642.4741666666678,0.8013976788472502,-6746.058375753563,-7818.034605116163,478.9964685077405
0 days 00:00:57.560000,139.78378220469088,10179.789653549162,3,0.492492843402028,True,0,2647.092247174388,0.8027982295305083,-6751.0,-7864.0,479.0
0 days 00:00:57.700000,137.26126380997263,9962.152372049304,3,1.0530524866727502,True,0,2652.146364382844,0.8043310194629781,-6763.0,-7913.0,479.0
0 days 00:00:58.436000,124.0,8818.0,3,4.0,False,0,2676.884166666668,0.8118333888636398,-6892.120461144894,-8185.425771957701,478.0052418832646
0 days 00:00:58.500000,123.6,9042.0,3,10.4,False,0,2679.071386198223,0.8124967189645842,-6897.0,-8203.0,478.0
0 days 00:00:58.596000,123.0,9378.0,3,20.0,False,0,2682.3508333333343,0.8134912949400593,-6900.706040960255,-8226.39357779555,478.0410300944151
0 days 00:00:58.836000,122.0,9378.0,3,44.0,False,0,2690.4841666666675,0.815957935687903,-6892.414130409085,-8275.160005035877,478.2735946762306
0 days 00:00:58.980000,126.2,9806.4,3,66.2,False,0,2695.580455254802,0.8175035151667058,-6881.0,-8321.0,478.0
0 days 00:00:59.076000,129.0,10092.0,3,81.0,False,0,2699.0841666666674,0.8185661050032459,-6871.502279970698,-8361.766463135717,477.574196726619
0 days 00:00:59.180000,133.16,10391.52,3,88.8,False,0,2702.969454561946,0.8197444176392621,-6861.0,-8406.0,477.0
0 days 00:00:59.276000,137.0,10668.0,3,96.0,False,0,2706.6952777777788,0.8208743685446024,-6852.593734592077,-8437.79279015059,476.4720937029087
0 days 00:00:59.420000,144.65,10929.0,3,97.35,False,0,2712.6295717083285,0.8226740945141241,-6839.0,-8481.0,476.0
0 days 00:00:59.596000,154.0,11248.0,3,99.0,False,0,2720.384166666667,0.8250258731912463,-6813.819998968464,-8551.772907997705,476.5937690296224
0 days 00:00:59.680000,157.99001216,11142.78967936,3,99.0,False,0,2724.2513812307548,0.8261987046286765,-6801.0,-8586.0,477.0
0 days 00:00:59.996000,173.0,10747.0,4,99.0,False,0,2739.60638888889,0.8308555022810956,-6742.82930891063,-8715.087442106911,477.9736451069329
0 days 00:01:00.019000,173.90357394285715,10795.135848228572,4,99.0,False,0,2740.757153245301,0.8312045009187212,-6735.0,-8729.0,478.0
0 days 00:01:00.239000,182.5464310857143,11255.564419657145,4,99.0,False,0,2751.9825366031528,0.8346088846892923,-6645.0,-8878.0,478.0
0 days 00:01:00.276000,184.0,11333.0,4,99.0,False,0,2753.917500000001,0.8351957116844052,-6635.663062224589,-8892.802836588035,477.9933455689685
0 days 00:01:00.499000,190.968752,11477.9500416,4,99.0,False,0,2765.8730525430774,0.8388215378810123,-6608.0,-8929.0,478.0
0 days 00:01:00.596000,194.0,11541.0,4,99.0,False,0,2771.161944444445,0.8404255292262813,-6582.656052584401,-8959.54516970329,478.0260981584352
0 days 00:01:00.839000,197.0375008,11658.703156,4,99.0,False,0,2784.5209014205366,0.8444769736065172,-6487.0,-9069.0,478.0
0 days 00:01:00.916000,198.0,11696.0,4,99.0,True,0,2788.761944444445,0.8457631780576808,-6456.514432126819,-9098.537613427752,477.8889505296804
0 days 00:01:01.019000,196.45499904,11462.18985472,4,48.01496832,True,0,2794.430467383176,0.847482302196299,-6416.0,-9133.0,478.0
0 days 00:01:01.116000,195.0,11242.0,4,0.0,True,0,2799.5952777777784,0.8490486626603415,-6376.886743282675,-9160.827594720393,478.7688984220699
0 days 00:01:01.159000,190.71783936172133,11100.510275576877,4,0.0,True,0,2801.7815604136817,0.8497117086237869,-6356.0,-9174.0,479.0
0 days 00:01:01.357000,171.0,10449.0,4,0.0,True,0,2811.042777777778,0.8525204089670144,-6227.9151088046665,-9246.452072819204,478.1472385204036
0 days 00:01:01.399000,166.8000128,10492.5748672,4,0.0,True,0,2812.8421009714325,0.8530660996114416,-6205.0,-9259.0,478.0
0 days 00:01:01.677000,139.0,10781.0,3,0.0,True,0,2823.398333333333,0.8562675462779463,-6132.653372413314,-9297.796588636198,479.1850674271221
0 days 00:01:01.780000,131.2750144,10446.250624,3,0.0,True,0,2826.7961687253364,0.8572980265114356,-6112.0,-9309.0,480.0
0 days 00:01:02.040000,111.7749952,9601.249792,3,0.0,True,0,2834.4581141561694,0.8596217068566135,-6037.0,-9355.0,482.0
0 days 00:01:02.077000,109.0,9481.0,2,0.0,True,0,2835.5094444444444,0.859940549577331,-6025.20847088457,-9364.29774330729,482.2274236304688
0 days 00:01:02.259000,100.6583392,8446.6340608,2,0.0,True,0,2840.553716135507,0.861470353605573,-5972.0,-9413.0,483.0
0 days 00:01:02.317000,98.0,8117.0,2,0.0,True,0,2842.0427777777777,0.8619219495223202,-5961.296816639783,-9424.234170880132,483.07692692824696
0 days 00:01:02.600000,82.0812464,7032.7560048,2,0.0,True,0,2848.366328333284,0.8638397274900982,-5943.0,-9459.0,483.0
0 days 00:01:02.637000,80.0,6891.0,2,0.0,True,0,2849.153888888889,0.8640785753127846,-5941.121690446324,-9465.033046904477,483.11455608448495
0 days 00:01:02.877000,76.0,6776.0,2,0.0,False,0,2854.220555555556,0.8656151711884905,-5929.53097889093,-9514.79636789082,484.6559830510672
0 days 00:01:02.920000,75.4027768888889,6680.085968355555,2,0.0,False,0,2855.102287229309,0.8658825788042872,-5929.0,-9524.0,485.0
0 days 00:01:03.059000,73.472224,6370.0391744,2,0.0,False,0,2857.88419732418,0.866726263984227,-5931.0,-9553.0,486.0
0 days 00:01:03.220000,71.23611377777777,6010.919872711111,2,0.0,False,0,2860.9975296387747,0.8676704614041565,-5936.0,-9585.0,486.0
0 days 00:01:03.237000,71.0,5973.0,2,0.0,True,0,2861.3205555555555,0.8677684272511573,-5936.700270990647,-9588.24355109203,486.0242606854992
0 days 00:01:03.557000,66.0,5460.0,2,0.0,False,0,2867.1872222222223,0.8695476435282906,-5958.784000472742,-9645.64402118763,487.9875953816327
0 days 00:01:03.559000,65.9714304,5463.999744,2,0.1142784,False,0,2867.222479647538,0.8695583362416448,-5959.0,-9646.0,488.0
0 days 00:01:03.760000,63.09999908571429,5866.000128,2,11.600003657142857,False,0,2870.685809937361,0.8706086794731348,-5984.0,-9680.0,489.0
0 days 00:01:03.837000,62.0,6020.0,2,16.0,False,0,2872.0094444444444,0.8710101053924492,-5992.466627822539,-9689.505997587705,489.24302765525294
0 days 00:01:04.040000,62.8458336,5992.9333248,2,20.229168,False,0,2875.554234051544,0.8720851532392613,-6014.0,-9707.0,490.0
0 days 00:01:04.077000,63.0,5988.0,2,21.0,False,0,2876.209444444444,0.8722838624999422,-6018.982423426389,-9710.032371876923,490.28533254353744
0 days 00:01:04.316000,65.0,6395.0,2,36.0,False,0,2880.524722222222,0.8735925805333353,-6058.292766753233,-9728.723464960103,492.9545723723579
0 days 00:01:04.320000,65.08000512,6396.48009472,2,36.18001152,False,0,2880.5986617779995,0.8736150045892155,-6059.0,-9729.0,493.0
0 days 00:01:04.500000,68.68,6463.08,2,44.28,False,0,2884.032983072976,0.8746565501032371,-6092.0,-9740.0,495.0
0 days 00:01:04.516000,69.0,6469.0,2,45.0,False,0,2884.3580555555554,0.8747551366235077,-6095.0740139474165,-9740.853645710538,495.1863674613696
0 days 00:01:04.739000,78.0593776,7239.7439712,2,58.2406288,False,0,2889.298045791994,0.8762533146412719,-6140.0,-9751.0,498.0
0 days 00:01:04.836000,82.0,7575.0,2,64.0,False,0,2891.646944444444,0.8769656780587336,-6160.088757682015,-9754.729193978696,499.3186589959169
0 days 00:01:04.959000,87.3812528,7998.1970952,2,68.6125024,False,0,2894.778797006849,0.8779154922161106,-6189.0,-9759.0,501.0
0 days 00:01:05.156000,96.0,8676.0,2,76.0,False,0,2900.180277777777,0.879553629007291,-6249.312126227249,-9764.89935718631,503.5004223050371
0 days 00:01:05.200000,97.833344,8900.156859733333,2,76.48889173333333,False,0,2901.458137318747,0.8799411725007882,-6262.0,-9766.0,504.0
0 days 00:01:05.480000,109.50001066666668,10326.601304177775,2,79.60000284444445,False,0,2910.1238620982667,0.8825692745316193,-6331.0,-9771.0,507.0
0 days 00:01:05.516000,111.0,10510.0,2,80.0,False,0,2911.280277777777,0.882919987077094,-6341.22853962411,-9771.42709447314,507.5065804581309
0 days 00:01:05.676000,117.0,9966.0,2,11.0,True,0,2916.480277777777,0.8844970196863711,-6393.017943291491,-9772.7595086557,510.1999587144818
0 days 00:01:05.799000,115.15499904,9731.06987776,2,4.23499648,True,0,2920.431340621429,0.8856952802528599,-6432.0,-9773.0,512.0
0 days 00:01:05.876000,114.0,9584.0,2,0.0,True,0,2922.8136111111107,0.8864177645310035,-6454.149455822834,-9772.766384166687,512.8244698008475
0 days 00:01:05.980000,109.45,9269.725,2,0.0,True,0,2925.868149000564,0.8873441310421458,-6487.0,-9771.0,514.0
0 days 00:01:06.196000,100.0,8617.0,2,0.0,True,0,2931.7024999999994,0.8891135467690839,-6577.721346229934,-9760.16495426562,517.9424979647006
0 days 00:01:06.200000,99.81665493333334,8603.965832533333,2,0.0,True,0,2931.8057876321204,0.8891448713775436,-6579.0,-9760.0,518.0
0 days 00:01:06.436000,89.0,7835.0,2,0.0,True,0,2937.635833333333,0.8909129814130027,-6615.922984771305,-9754.645692490123,519.6467855546096
0 days 00:01:06.519000,87.4437488,7683.265508,2,0.0,True,0,2939.5943149462046,0.8915069409068812,-6628.0,-9751.0,520.0
0 days 00:01:06.739000,83.3187488,7281.078008,2,0.0,True,0,2944.628441478519,0.8930336681570135,-6677.0,-9733.0,521.0
0 days 00:01:06.756000,83.0,7250.0,2,0.0,False,0,2945.0136111111105,0.8931504806706095,-6680.49467370423,-9731.476289465138,521.0292274937026
0 days 00:01:06.979000,81.14166613333333,7137.570801066667,2,4.645834666666667,False,0,2950.0329178629268,0.8946727134443749,-6720.0,-9705.0,520.0
0 days 00:01:06.996000,81.0,7129.0,2,5.0,False,0,2950.41361111111,0.8947881683802436,-6723.203056245095,-9701.479452546037,519.7381443298503
0 days 00:01:07.259000,81.0,7694.4501376,2,22.2593792,False,0,2956.30559614714,0.8965750630985496,-6771.0,-9632.0,514.0
0 days 00:01:07.316000,81.0,7817.0,2,26.0,False,0,2957.613611111111,0.8969717519930889,-6775.900660060378,-9622.950397429942,513.4375609649339
0 days 00:01:07.516000,85.0,8018.0,2,36.0,False,0,2962.335833333333,0.8984038863070691,-6781.860604792458,-9601.523832530598,513.0166637550361
0 days 00:01:07.519000,85.06000128,8024.28513408,2,36.2250048,False,0,2962.408168781786,0.8984258238764955,-6782.0,-9601.0,513.0
0 days 00:01:07.716000,89.0,8437.0,2,51.0,False,0,2967.280277777777,0.8999034151770013,-6795.441546046312,-9553.001931471525,511.1771650008629
0 days 00:01:07.740000,89.95522296814522,8496.820838380094,2,53.26865454934491,False,0,2967.8979140388765,0.9000907291240062,-6797.0,-9547.0,511.0
0 days 00:01:07.917000,97.0,8938.0,2,70.0,False,0,2972.696111111111,0.901545904748747,-6806.794536014917,-9503.630175998902,510.27692230780747
0 days 00:01:07.959000,99.79999146666668,9175.124277333332,2,73.6749888,False,0,2973.928776886427,0.901919742080288,-6810.0,-9489.0,510.0
0 days 00:01:08.157000,113.0,10293.0,2,91.0,False,0,2980.229444444444,0.9038305801955202,-6831.89327838312,-9391.760147732462,507.64579911336574
0 days 00:01:08.219000,116.2937432,10508.8370544,2,92.5499968,False,0,2982.342596563787,0.90447144746486,-6838.0,-9366.0,507.0
0 days 00:01:08.477000,130.0,11407.0,2,99.0,False,0,2991.785,0.9073350971050248,-6853.240884147142,-9316.365312468071,505.9923889176167
0 days 00:01:08.580000,136.17998848,11287.00522368,2,99.0,False,0,2995.81087784412,0.9085560472283218,-6864.0,-9293.0,506.0
0 days 00:01:08.677000,142.0,11174.0,3,99.0,False,0,2999.673888888889,0.9097276038413216,-6879.442021471446,-9260.02405256527,506.1000348170702
0 days 00:01:08.739000,143.291664,11228.249888,3,99.0,False,0,3002.151238832132,0.9104789233884532,-6891.0,-9237.0,506.0
0 days 00:01:08.917000,147.0,11384.0,3,99.0,False,0,3009.4738888888887,0.9126997037588052,-6928.3723098561,-9173.6695099307,504.3536165440407
0 days 00:01:09.077000,163.0,11655.0,3,99.0,False,0,3016.718333333333,0.9148967662828408,-6966.500527346457,-9115.754781076452,503.0057668120567
0 days 00:01:09.079000,163.1055488,11651.5891072,3,99.0,False,0,3016.813008384659,0.9149254789065384,-6967.0,-9115.0,503.0
0 days 00:01:09.180000,168.43610097777778,11479.328105244444,3,99.0,False,0,3021.726090312434,0.9164154962934904,-6993.0,-9076.0,503.0
0 days 00:01:09.437000,182.0,11041.0,4,99.0,False,0,3034.9183333333326,0.9204163804153104,-7065.927360794353,-8971.70937351502,503.8376402487172
0 days 00:01:09.519000,183.0249984,11206.708074666669,4,99.0,False,0,3039.10036123594,0.9216846870259484,-7089.0,-8937.0,504.0
0 days 00:01:09.677000,185.0,11526.0,4,99.0,False,0,3047.2516666666666,0.9241567782706476,-7131.222180042314,-8868.205597309143,503.99902795276887
0 days 00:01:09.700000,186.078116,11457.8630688,4,99.0,False,0,3048.476152396942,0.924528134794924,-7137.0,-8858.0,504.0
0 days 00:01:09.859000,193.531244,10986.8253792,4,99.0,False,0,3057.218345232451,0.9271794277138063,-7176.0,-8782.0,504.0
0 days 00:01:09.997000,200.0,10578.0,5,99.0,False,0,3065.029444444444,0.9295483427468084,-7216.915698729163,-8691.026769822836,503.43768566617945
0 days 00:01:10.099000,203.56999552,10723.85981696,5,99.0,False,0,3070.867850335797,0.9313189882231276,-7247.0,-8618.0,503.0
0 days 00:01:10.197000,207.0,10864.0,5,99.0,False,0,3076.529444444444,0.9330360110173253,-7272.38592681663,-8550.275211770017,502.8011286920767
0 days 00:01:10.477000,212.0,11333.0,5,99.0,False,0,3093.018333333333,0.9380366870689644,-7326.5581614931425,-8383.392710789345,502.9976048563241
0 days 00:01:10.480000,212.0843768,11331.8843512,5,99.0,False,0,3093.198274764926,0.9380912588969226,-7327.0,-8382.0,503.0
0 days 00:01:10.797000,221.0,11214.0,5,99.0,False,0,3112.662777777777,0.9439943658151224,-7363.857534758423,-8263.6219152142,503.0360762268688
0 days 00:01:10.820000,221.8243664454421,11158.84988479992,5,99.0,False,0,3114.113067958553,0.9444342032974298,-7367.0,-8253.0,503.0
0 days 00:01:11.076000,231.0,10545.0,6,99.0,False,0,3130.565277777777,0.9494237554858116,-7411.04042130814,-8099.672003257562,502.2210590908586
0 days 00:01:11.180000,234.25,10697.75,6,99.0,False,0,3137.35640198811,0.9514833370883784,-7430.0,-8032.0,502.0
0 days 00:01:11.236000,236.0,10780.0,6,99.0,False,0,3141.0541666666663,0.9526047785267469,-7439.918722329037,-7996.202701941401,501.9472605336291
0 days 00:01:11.400000,238.87000448,10913.66020864,6,99.0,False,0,3152.096892791372,0.9559537668332808,-7468.0,-7893.0,502.0
0 days 00:01:12.436000,257.0,11758.0,6,99.0,False,0,3226.7208333333333,0.978585379846248,-7616.049474571348,-7192.746534666634,503.2409559149832
0 days 00:01:12.500000,257.6,11572.8,6,99.0,False,0,3231.341509806237,0.9799867178221496,-7622.0,-7140.0,503.0
0 days 00:01:12.720000,259.6625024,10936.1742592,6,99.0,False,0,3247.216436274968,0.9848011941127393,-7639.0,-6954.0,502.0
0 days 00:01:12.756000,260.0,10832.0,6,99.0,False,0,3249.831944444444,0.9855944136652572,-7641.295633194615,-6925.8563370099,501.9315869766582
0 days 00:01:12.960000,262.8333368888889,10723.199863466669,6,99.0,False,0,3264.7758145588336,0.9901265233727948,-7652.0,-6779.0,502.0
0 days 00:01:13.099000,264.76388977777776,10649.066632533331,6,99.0,False,0,3275.0676276435597,0.9932477781503324,-7658.0,-6676.0,502.0
0 days 00:01:13.116000,265.0,10640.0,7,99.0,False,0,3276.331944444444,0.9936312144625348,-7658.845501963415,-6661.435773263477,502.0199805385711
0 days 00:01:13.221000,266.8750034285714,10705.62512,7,97.49999725714288,False,0,3284.168089161025,0.9960077251835082,-7664.892671763839,-6559.264124634896,502.28422724296433
